{
  "__comment": "Instructions: https://mods.blakebr0.com/docs/cucumber/tags-config",
  "forge:ingots/tungsten": "moremekanismprocessing:tungsten_ingot",
  "forge:ingots/copper": "projectred-core:copper_ingot",
  "forge:ingots/lumium": "thermal:lumium_ingot",
  "forge:silicon": "refinedstorage:silicon",
  "forge:gems/apatite": "moremekanismprocessing:gem_apatite",
  "forge:dusts/saltpeter": "bloodmagic:saltpeter",
  "forge:ingots/steel": "mekanism:ingot_steel",
  "forge:ingots/lead": "eidolon:lead_ingot",
  "forge:ingots/mithril": "null",
  "forge:ingots/iridium": "moremekanismprocessing:iridium_ingot",
  "forge:ingots/zinc": "moremekanismprocessing:zinc_ingot",
  "forge:ingots/invar": "thermal:invar_ingot",
  "forge:gems/ruby": "projectred-core:ruby",
  "forge:dusts/niter": "moremekanismprocessing:dust_niter",
  "forge:ingots/chrome": "null",
  "forge:ingots/enderium": "thermal:enderium_ingot",
  "forge:dusts/sulfur": "eidolon:sulfur",
  "forge:ingots/nickel": "moremekanismprocessing:nickel_ingot",
  "forge:ingots/constantan": "thermal:constantan_ingot",
  "forge:ingots/tin": "projectred-core:tin_ingot",
  "forge:gems/sapphire": "projectred-core:sapphire",
  "forge:ingots/bronze": "thermal:bronze_ingot",
  "forge:ingots/electrum": "thermal:electrum_ingot",
  "forge:ingots/silver": "projectred-core:silver_ingot",
  "forge:ingots/platinum": "moremekanismprocessing:platinum_ingot",
  "forge:ingots/graphite": "bigreactors:graphite_ingot",
  "forge:ingots/uranium": "bigreactors:yellorium_ingot",
  "forge:ingots/aluminum": "moremekanismprocessing:aluminum_ingot",
  "forge:ingots/signalum": "thermal:signalum_ingot",
  "forge:ingots/brass": "create:brass_ingot",
  "forge:ingots/titanium": "moremekanismprocessing:titanium_ingot",
  "forge:rubber": "null"
}