
{
  "variants":
  {
    "dense=false":
    [
      {
        "model": "osv:block/minecraft/byg_pendorite_ore_stone"
      },
      {
        "model": "osv:block/minecraft/byg_pendorite_ore_stone_mirrored"
      },
      {
        "model": "osv:block/minecraft/byg_pendorite_ore_stone",
        "y": 180
      },
      {
        "model": "osv:block/minecraft/byg_pendorite_ore_stone_mirrored",
        "y": 180
      }
    ],
    "dense=true":
    [
      {
        "model": "osv:block/minecraft/dense_byg_pendorite_ore_stone"
      },
      {
        "model": "osv:block/minecraft/dense_byg_pendorite_ore_stone_mirrored"
      },
      {
        "model": "osv:block/minecraft/dense_byg_pendorite_ore_stone",
        "y": 180
      },
      {
        "model": "osv:block/minecraft/dense_byg_pendorite_ore_stone_mirrored",
        "y": 180
      }
    ]
  }
}